step_idx,event_name,unit_types,count,cycle_median,cycle_mean,cycle_max,cycle_min,cycle_sum,start_min,end_max
0,LDL_BARRIER_BLDL_STEP_0,Vector,96,1.00,1.00,1,1,96,160,2304
1,LDL_BARRIER_BLDL_STEP_1,Vector,96,1.00,1.00,1,1,96,202,2368
2,LDL_BARRIER_BLDL_STEP_10,Vector,96,1.00,1.00,1,1,96,673,2764
3,LDL_BARRIER_BLDL_STEP_11,Vector,96,1.00,1.00,1,1,96,711,2788
4,LDL_BARRIER_BLDL_STEP_12,Vector,96,1.00,1.00,1,1,96,745,3411
5,LDL_BARRIER_BLDL_STEP_13,Vector,96,1.00,1.00,1,1,96,775,3426
6,LDL_BARRIER_BLDL_STEP_14,Vector,96,1.00,1.00,1,1,96,800,3439
7,LDL_BARRIER_BLDL_STEP_15,Vector,96,1.00,1.00,1,1,96,818,3450
8,LDL_BARRIER_BLDL_STEP_2,Vector,96,1.00,1.00,1,1,96,257,2428
9,LDL_BARRIER_BLDL_STEP_3,Vector,96,1.00,1.00,1,1,96,295,2484
10,LDL_BARRIER_BLDL_STEP_4,Vector,96,1.00,1.00,1,1,96,361,2536
11,LDL_BARRIER_BLDL_STEP_5,Vector,96,1.00,1.00,1,1,96,423,2584
12,LDL_BARRIER_BLDL_STEP_6,Vector,96,1.00,1.00,1,1,96,481,2628
13,LDL_BARRIER_BLDL_STEP_7,Vector,96,1.00,1.00,1,1,96,535,2668
14,LDL_BARRIER_BLDL_STEP_8,Vector,96,1.00,1.00,1,1,96,585,2704
15,LDL_BARRIER_BLDL_STEP_9,Vector,96,1.00,1.00,1,1,96,631,2736
16,LDL_BARRIER_BWD2STORE,Vector,96,1.00,1.00,1,1,96,1424,4056
17,LDL_BARRIER_BWD_COL_0,Vector,96,1.00,1.00,1,1,96,1422,4054
18,LDL_BARRIER_BWD_COL_1,Vector,96,1.00,1.00,1,1,96,1414,4046
19,LDL_BARRIER_BWD_COL_10,Vector,96,1.00,1.00,1,1,96,1162,3794
20,LDL_BARRIER_BWD_COL_11,Vector,96,1.00,1.00,1,1,96,1114,3746
21,LDL_BARRIER_BWD_COL_12,Vector,96,1.00,1.00,1,1,96,1062,3694
22,LDL_BARRIER_BWD_COL_13,Vector,96,1.00,1.00,1,1,96,1006,3638
23,LDL_BARRIER_BWD_COL_14,Vector,96,1.00,1.00,1,1,96,946,3578
24,LDL_BARRIER_BWD_COL_15,Vector,96,1.00,1.00,1,1,96,882,3514
25,LDL_BARRIER_BWD_COL_2,Vector,96,1.00,1.00,1,1,96,1402,4034
26,LDL_BARRIER_BWD_COL_3,Vector,96,1.00,1.00,1,1,96,1386,4018
27,LDL_BARRIER_BWD_COL_4,Vector,96,1.00,1.00,1,1,96,1366,3998
28,LDL_BARRIER_BWD_COL_5,Vector,96,1.00,1.00,1,1,96,1342,3974
29,LDL_BARRIER_BWD_COL_6,Vector,96,1.00,1.00,1,1,96,1314,3946
30,LDL_BARRIER_BWD_COL_7,Vector,96,1.00,1.00,1,1,96,1282,3914
31,LDL_BARRIER_BWD_COL_8,Vector,96,1.00,1.00,1,1,96,1246,3878
32,LDL_BARRIER_BWD_COL_9,Vector,96,1.00,1.00,1,1,96,1206,3838
33,LDL_BARRIER_BWD_DIAG2OFF_0,Vector,96,1.00,1.00,1,1,96,1420,4052
34,LDL_BARRIER_BWD_DIAG2OFF_1,Vector,96,1.00,1.00,1,1,96,1408,4040
35,LDL_BARRIER_BWD_DIAG2OFF_10,Vector,96,1.00,1.00,1,1,96,1120,3752
36,LDL_BARRIER_BWD_DIAG2OFF_11,Vector,96,1.00,1.00,1,1,96,1068,3700
37,LDL_BARRIER_BWD_DIAG2OFF_12,Vector,96,1.00,1.00,1,1,96,1012,3644
38,LDL_BARRIER_BWD_DIAG2OFF_13,Vector,96,1.00,1.00,1,1,96,952,3584
39,LDL_BARRIER_BWD_DIAG2OFF_14,Vector,96,1.00,1.00,1,1,96,888,3520
40,LDL_BARRIER_BWD_DIAG2OFF_15,Vector,96,1.00,1.00,1,1,96,820,3452
41,LDL_BARRIER_BWD_DIAG2OFF_2,Vector,96,1.00,1.00,1,1,96,1392,4024
42,LDL_BARRIER_BWD_DIAG2OFF_3,Vector,96,1.00,1.00,1,1,96,1372,4004
43,LDL_BARRIER_BWD_DIAG2OFF_4,Vector,96,1.00,1.00,1,1,96,1348,3980
44,LDL_BARRIER_BWD_DIAG2OFF_5,Vector,96,1.00,1.00,1,1,96,1320,3952
45,LDL_BARRIER_BWD_DIAG2OFF_6,Vector,96,1.00,1.00,1,1,96,1288,3920
46,LDL_BARRIER_BWD_DIAG2OFF_7,Vector,96,1.00,1.00,1,1,96,1252,3884
47,LDL_BARRIER_BWD_DIAG2OFF_8,Vector,96,1.00,1.00,1,1,96,1212,3844
48,LDL_BARRIER_BWD_DIAG2OFF_9,Vector,96,1.00,1.00,1,1,96,1168,3800
49,LDL_BARRIER_GRAM2REG,Vector,96,1.00,1.00,1,1,96,47,2162
50,LDL_BARRIER_LOAD2GRAM,Vector,96,1.00,1.00,1,1,96,3,2108
51,LDL_BARRIER_REG2BLDL,Vector,96,1.00,1.00,1,1,96,119,2236
52,LDL_BWD_DIAG_ACC_0_0,Vector,96,1.00,1.00,1,1,96,1418,4050
53,LDL_BWD_DIAG_ACC_10_0,Vector,96,1.00,1.00,1,1,96,1118,3750
54,LDL_BWD_DIAG_ACC_11_0,Vector,96,1.00,1.00,1,1,96,1066,3698
55,LDL_BWD_DIAG_ACC_12_0,Vector,96,1.00,1.00,1,1,96,1010,3642
56,LDL_BWD_DIAG_ACC_13_0,Vector,96,1.00,1.00,1,1,96,950,3582
57,LDL_BWD_DIAG_ACC_14_0,Vector,96,1.00,1.00,1,1,96,886,3518
58,LDL_BWD_DIAG_ACC_1_0,Vector,96,1.00,1.00,1,1,96,1406,4038
59,LDL_BWD_DIAG_ACC_2_0,Vector,96,1.00,1.00,1,1,96,1390,4022
60,LDL_BWD_DIAG_ACC_3_0,Vector,96,1.00,1.00,1,1,96,1370,4002
61,LDL_BWD_DIAG_ACC_4_0,Vector,96,1.00,1.00,1,1,96,1346,3978
62,LDL_BWD_DIAG_ACC_5_0,Vector,96,1.00,1.00,1,1,96,1318,3950
63,LDL_BWD_DIAG_ACC_6_0,Vector,96,1.00,1.00,1,1,96,1286,3918
64,LDL_BWD_DIAG_ACC_7_0,Vector,96,1.00,1.00,1,1,96,1250,3882
65,LDL_BWD_DIAG_ACC_8_0,Vector,96,1.00,1.00,1,1,96,1210,3842
66,LDL_BWD_DIAG_ACC_9_0,Vector,96,1.00,1.00,1,1,96,1166,3798
67,LDL_BWD_DIAG_MUL_0_0,Vector,96,1.00,1.00,1,1,96,1416,4048
68,LDL_BWD_DIAG_MUL_10_0,Vector,96,1.00,1.00,1,1,96,1116,3748
69,LDL_BWD_DIAG_MUL_11_0,Vector,96,1.00,1.00,1,1,96,1064,3696
70,LDL_BWD_DIAG_MUL_12_0,Vector,96,1.00,1.00,1,1,96,1008,3640
71,LDL_BWD_DIAG_MUL_13_0,Vector,96,1.00,1.00,1,1,96,948,3580
72,LDL_BWD_DIAG_MUL_14_0,Vector,96,1.00,1.00,1,1,96,884,3516
73,LDL_BWD_DIAG_MUL_1_0,Vector,96,1.00,1.00,1,1,96,1404,4036
74,LDL_BWD_DIAG_MUL_2_0,Vector,96,1.00,1.00,1,1,96,1388,4020
75,LDL_BWD_DIAG_MUL_3_0,Vector,96,1.00,1.00,1,1,96,1368,4000
76,LDL_BWD_DIAG_MUL_4_0,Vector,96,1.00,1.00,1,1,96,1344,3976
77,LDL_BWD_DIAG_MUL_5_0,Vector,96,1.00,1.00,1,1,96,1316,3948
78,LDL_BWD_DIAG_MUL_6_0,Vector,96,1.00,1.00,1,1,96,1284,3916
79,LDL_BWD_DIAG_MUL_7_0,Vector,96,1.00,1.00,1,1,96,1248,3880
80,LDL_BWD_DIAG_MUL_8_0,Vector,96,1.00,1.00,1,1,96,1208,3840
81,LDL_BWD_DIAG_MUL_9_0,Vector,96,1.00,1.00,1,1,96,1164,3796
82,LDL_BWD_OFF_ACC_0_10_0,Vector,96,1.00,1.00,1,1,96,1160,3792
83,LDL_BWD_OFF_ACC_0_11_0,Vector,96,1.00,1.00,1,1,96,1112,3744
84,LDL_BWD_OFF_ACC_0_12_0,Vector,96,1.00,1.00,1,1,96,1060,3692
85,LDL_BWD_OFF_ACC_0_13_0,Vector,96,1.00,1.00,1,1,96,1004,3636
86,LDL_BWD_OFF_ACC_0_14_0,Vector,96,1.00,1.00,1,1,96,944,3576
87,LDL_BWD_OFF_ACC_0_15_0,Vector,96,1.00,1.00,1,1,96,880,3512
88,LDL_BWD_OFF_ACC_0_1_0,Vector,96,1.00,1.00,1,1,96,1412,4044
89,LDL_BWD_OFF_ACC_0_2_0,Vector,96,1.00,1.00,1,1,96,1400,4032
90,LDL_BWD_OFF_ACC_0_3_0,Vector,96,1.00,1.00,1,1,96,1384,4016
91,LDL_BWD_OFF_ACC_0_4_0,Vector,96,1.00,1.00,1,1,96,1364,3996
92,LDL_BWD_OFF_ACC_0_5_0,Vector,96,1.00,1.00,1,1,96,1340,3972
93,LDL_BWD_OFF_ACC_0_6_0,Vector,96,1.00,1.00,1,1,96,1312,3944
94,LDL_BWD_OFF_ACC_0_7_0,Vector,96,1.00,1.00,1,1,96,1280,3912
95,LDL_BWD_OFF_ACC_0_8_0,Vector,96,1.00,1.00,1,1,96,1244,3876
96,LDL_BWD_OFF_ACC_0_9_0,Vector,96,1.00,1.00,1,1,96,1204,3836
97,LDL_BWD_OFF_ACC_10_11_0,Vector,96,1.00,1.00,1,1,96,1072,3704
98,LDL_BWD_OFF_ACC_10_12_0,Vector,96,1.00,1.00,1,1,96,1020,3652
99,LDL_BWD_OFF_ACC_10_13_0,Vector,96,1.00,1.00,1,1,96,964,3596
100,LDL_BWD_OFF_ACC_10_14_0,Vector,96,1.00,1.00,1,1,96,904,3536
101,LDL_BWD_OFF_ACC_10_15_0,Vector,96,1.00,1.00,1,1,96,840,3472
102,LDL_BWD_OFF_ACC_11_12_0,Vector,96,1.00,1.00,1,1,96,1016,3648
103,LDL_BWD_OFF_ACC_11_13_0,Vector,96,1.00,1.00,1,1,96,960,3592
104,LDL_BWD_OFF_ACC_11_14_0,Vector,96,1.00,1.00,1,1,96,900,3532
105,LDL_BWD_OFF_ACC_11_15_0,Vector,96,1.00,1.00,1,1,96,836,3468
106,LDL_BWD_OFF_ACC_12_13_0,Vector,96,1.00,1.00,1,1,96,956,3588
107,LDL_BWD_OFF_ACC_12_14_0,Vector,96,1.00,1.00,1,1,96,896,3528
108,LDL_BWD_OFF_ACC_12_15_0,Vector,96,1.00,1.00,1,1,96,832,3464
109,LDL_BWD_OFF_ACC_13_14_0,Vector,96,1.00,1.00,1,1,96,892,3524
110,LDL_BWD_OFF_ACC_13_15_0,Vector,96,1.00,1.00,1,1,96,828,3460
111,LDL_BWD_OFF_ACC_14_15_0,Vector,96,1.00,1.00,1,1,96,824,3456
112,LDL_BWD_OFF_ACC_1_10_0,Vector,96,1.00,1.00,1,1,96,1156,3788
113,LDL_BWD_OFF_ACC_1_11_0,Vector,96,1.00,1.00,1,1,96,1108,3740
114,LDL_BWD_OFF_ACC_1_12_0,Vector,96,1.00,1.00,1,1,96,1056,3688
115,LDL_BWD_OFF_ACC_1_13_0,Vector,96,1.00,1.00,1,1,96,1000,3632
116,LDL_BWD_OFF_ACC_1_14_0,Vector,96,1.00,1.00,1,1,96,940,3572
117,LDL_BWD_OFF_ACC_1_15_0,Vector,96,1.00,1.00,1,1,96,876,3508
118,LDL_BWD_OFF_ACC_1_2_0,Vector,96,1.00,1.00,1,1,96,1396,4028
119,LDL_BWD_OFF_ACC_1_3_0,Vector,96,1.00,1.00,1,1,96,1380,4012
120,LDL_BWD_OFF_ACC_1_4_0,Vector,96,1.00,1.00,1,1,96,1360,3992
121,LDL_BWD_OFF_ACC_1_5_0,Vector,96,1.00,1.00,1,1,96,1336,3968
122,LDL_BWD_OFF_ACC_1_6_0,Vector,96,1.00,1.00,1,1,96,1308,3940
123,LDL_BWD_OFF_ACC_1_7_0,Vector,96,1.00,1.00,1,1,96,1276,3908
124,LDL_BWD_OFF_ACC_1_8_0,Vector,96,1.00,1.00,1,1,96,1240,3872
125,LDL_BWD_OFF_ACC_1_9_0,Vector,96,1.00,1.00,1,1,96,1200,3832
126,LDL_BWD_OFF_ACC_2_10_0,Vector,96,1.00,1.00,1,1,96,1152,3784
127,LDL_BWD_OFF_ACC_2_11_0,Vector,96,1.00,1.00,1,1,96,1104,3736
128,LDL_BWD_OFF_ACC_2_12_0,Vector,96,1.00,1.00,1,1,96,1052,3684
129,LDL_BWD_OFF_ACC_2_13_0,Vector,96,1.00,1.00,1,1,96,996,3628
130,LDL_BWD_OFF_ACC_2_14_0,Vector,96,1.00,1.00,1,1,96,936,3568
131,LDL_BWD_OFF_ACC_2_15_0,Vector,96,1.00,1.00,1,1,96,872,3504
132,LDL_BWD_OFF_ACC_2_3_0,Vector,96,1.00,1.00,1,1,96,1376,4008
133,LDL_BWD_OFF_ACC_2_4_0,Vector,96,1.00,1.00,1,1,96,1356,3988
134,LDL_BWD_OFF_ACC_2_5_0,Vector,96,1.00,1.00,1,1,96,1332,3964
135,LDL_BWD_OFF_ACC_2_6_0,Vector,96,1.00,1.00,1,1,96,1304,3936
136,LDL_BWD_OFF_ACC_2_7_0,Vector,96,1.00,1.00,1,1,96,1272,3904
137,LDL_BWD_OFF_ACC_2_8_0,Vector,96,1.00,1.00,1,1,96,1236,3868
138,LDL_BWD_OFF_ACC_2_9_0,Vector,96,1.00,1.00,1,1,96,1196,3828
139,LDL_BWD_OFF_ACC_3_10_0,Vector,96,1.00,1.00,1,1,96,1148,3780
140,LDL_BWD_OFF_ACC_3_11_0,Vector,96,1.00,1.00,1,1,96,1100,3732
141,LDL_BWD_OFF_ACC_3_12_0,Vector,96,1.00,1.00,1,1,96,1048,3680
142,LDL_BWD_OFF_ACC_3_13_0,Vector,96,1.00,1.00,1,1,96,992,3624
143,LDL_BWD_OFF_ACC_3_14_0,Vector,96,1.00,1.00,1,1,96,932,3564
144,LDL_BWD_OFF_ACC_3_15_0,Vector,96,1.00,1.00,1,1,96,868,3500
145,LDL_BWD_OFF_ACC_3_4_0,Vector,96,1.00,1.00,1,1,96,1352,3984
146,LDL_BWD_OFF_ACC_3_5_0,Vector,96,1.00,1.00,1,1,96,1328,3960
147,LDL_BWD_OFF_ACC_3_6_0,Vector,96,1.00,1.00,1,1,96,1300,3932
148,LDL_BWD_OFF_ACC_3_7_0,Vector,96,1.00,1.00,1,1,96,1268,3900
149,LDL_BWD_OFF_ACC_3_8_0,Vector,96,1.00,1.00,1,1,96,1232,3864
150,LDL_BWD_OFF_ACC_3_9_0,Vector,96,1.00,1.00,1,1,96,1192,3824
151,LDL_BWD_OFF_ACC_4_10_0,Vector,96,1.00,1.00,1,1,96,1144,3776
152,LDL_BWD_OFF_ACC_4_11_0,Vector,96,1.00,1.00,1,1,96,1096,3728
153,LDL_BWD_OFF_ACC_4_12_0,Vector,96,1.00,1.00,1,1,96,1044,3676
154,LDL_BWD_OFF_ACC_4_13_0,Vector,96,1.00,1.00,1,1,96,988,3620
155,LDL_BWD_OFF_ACC_4_14_0,Vector,96,1.00,1.00,1,1,96,928,3560
156,LDL_BWD_OFF_ACC_4_15_0,Vector,96,1.00,1.00,1,1,96,864,3496
157,LDL_BWD_OFF_ACC_4_5_0,Vector,96,1.00,1.00,1,1,96,1324,3956
158,LDL_BWD_OFF_ACC_4_6_0,Vector,96,1.00,1.00,1,1,96,1296,3928
159,LDL_BWD_OFF_ACC_4_7_0,Vector,96,1.00,1.00,1,1,96,1264,3896
160,LDL_BWD_OFF_ACC_4_8_0,Vector,96,1.00,1.00,1,1,96,1228,3860
161,LDL_BWD_OFF_ACC_4_9_0,Vector,96,1.00,1.00,1,1,96,1188,3820
162,LDL_BWD_OFF_ACC_5_10_0,Vector,96,1.00,1.00,1,1,96,1140,3772
163,LDL_BWD_OFF_ACC_5_11_0,Vector,96,1.00,1.00,1,1,96,1092,3724
164,LDL_BWD_OFF_ACC_5_12_0,Vector,96,1.00,1.00,1,1,96,1040,3672
165,LDL_BWD_OFF_ACC_5_13_0,Vector,96,1.00,1.00,1,1,96,984,3616
166,LDL_BWD_OFF_ACC_5_14_0,Vector,96,1.00,1.00,1,1,96,924,3556
167,LDL_BWD_OFF_ACC_5_15_0,Vector,96,1.00,1.00,1,1,96,860,3492
168,LDL_BWD_OFF_ACC_5_6_0,Vector,96,1.00,1.00,1,1,96,1292,3924
169,LDL_BWD_OFF_ACC_5_7_0,Vector,96,1.00,1.00,1,1,96,1260,3892
170,LDL_BWD_OFF_ACC_5_8_0,Vector,96,1.00,1.00,1,1,96,1224,3856
171,LDL_BWD_OFF_ACC_5_9_0,Vector,96,1.00,1.00,1,1,96,1184,3816
172,LDL_BWD_OFF_ACC_6_10_0,Vector,96,1.00,1.00,1,1,96,1136,3768
173,LDL_BWD_OFF_ACC_6_11_0,Vector,96,1.00,1.00,1,1,96,1088,3720
174,LDL_BWD_OFF_ACC_6_12_0,Vector,96,1.00,1.00,1,1,96,1036,3668
175,LDL_BWD_OFF_ACC_6_13_0,Vector,96,1.00,1.00,1,1,96,980,3612
176,LDL_BWD_OFF_ACC_6_14_0,Vector,96,1.00,1.00,1,1,96,920,3552
177,LDL_BWD_OFF_ACC_6_15_0,Vector,96,1.00,1.00,1,1,96,856,3488
178,LDL_BWD_OFF_ACC_6_7_0,Vector,96,1.00,1.00,1,1,96,1256,3888
179,LDL_BWD_OFF_ACC_6_8_0,Vector,96,1.00,1.00,1,1,96,1220,3852
180,LDL_BWD_OFF_ACC_6_9_0,Vector,96,1.00,1.00,1,1,96,1180,3812
181,LDL_BWD_OFF_ACC_7_10_0,Vector,96,1.00,1.00,1,1,96,1132,3764
182,LDL_BWD_OFF_ACC_7_11_0,Vector,96,1.00,1.00,1,1,96,1084,3716
183,LDL_BWD_OFF_ACC_7_12_0,Vector,96,1.00,1.00,1,1,96,1032,3664
184,LDL_BWD_OFF_ACC_7_13_0,Vector,96,1.00,1.00,1,1,96,976,3608
185,LDL_BWD_OFF_ACC_7_14_0,Vector,96,1.00,1.00,1,1,96,916,3548
186,LDL_BWD_OFF_ACC_7_15_0,Vector,96,1.00,1.00,1,1,96,852,3484
187,LDL_BWD_OFF_ACC_7_8_0,Vector,96,1.00,1.00,1,1,96,1216,3848
188,LDL_BWD_OFF_ACC_7_9_0,Vector,96,1.00,1.00,1,1,96,1176,3808
189,LDL_BWD_OFF_ACC_8_10_0,Vector,96,1.00,1.00,1,1,96,1128,3760
190,LDL_BWD_OFF_ACC_8_11_0,Vector,96,1.00,1.00,1,1,96,1080,3712
191,LDL_BWD_OFF_ACC_8_12_0,Vector,96,1.00,1.00,1,1,96,1028,3660
192,LDL_BWD_OFF_ACC_8_13_0,Vector,96,1.00,1.00,1,1,96,972,3604
193,LDL_BWD_OFF_ACC_8_14_0,Vector,96,1.00,1.00,1,1,96,912,3544
194,LDL_BWD_OFF_ACC_8_15_0,Vector,96,1.00,1.00,1,1,96,848,3480
195,LDL_BWD_OFF_ACC_8_9_0,Vector,96,1.00,1.00,1,1,96,1172,3804
196,LDL_BWD_OFF_ACC_9_10_0,Vector,96,1.00,1.00,1,1,96,1124,3756
197,LDL_BWD_OFF_ACC_9_11_0,Vector,96,1.00,1.00,1,1,96,1076,3708
198,LDL_BWD_OFF_ACC_9_12_0,Vector,96,1.00,1.00,1,1,96,1024,3656
199,LDL_BWD_OFF_ACC_9_13_0,Vector,96,1.00,1.00,1,1,96,968,3600
200,LDL_BWD_OFF_ACC_9_14_0,Vector,96,1.00,1.00,1,1,96,908,3540
201,LDL_BWD_OFF_ACC_9_15_0,Vector,96,1.00,1.00,1,1,96,844,3476
202,LDL_BWD_OFF_MUL_0_10_0,Vector,96,1.00,1.00,1,1,96,1158,3790
203,LDL_BWD_OFF_MUL_0_11_0,Vector,96,1.00,1.00,1,1,96,1110,3742
204,LDL_BWD_OFF_MUL_0_12_0,Vector,96,1.00,1.00,1,1,96,1058,3690
205,LDL_BWD_OFF_MUL_0_13_0,Vector,96,1.00,1.00,1,1,96,1002,3634
206,LDL_BWD_OFF_MUL_0_14_0,Vector,96,1.00,1.00,1,1,96,942,3574
207,LDL_BWD_OFF_MUL_0_15_0,Vector,96,1.00,1.00,1,1,96,878,3510
208,LDL_BWD_OFF_MUL_0_1_0,Vector,96,1.00,1.00,1,1,96,1410,4042
209,LDL_BWD_OFF_MUL_0_2_0,Vector,96,1.00,1.00,1,1,96,1398,4030
210,LDL_BWD_OFF_MUL_0_3_0,Vector,96,1.00,1.00,1,1,96,1382,4014
211,LDL_BWD_OFF_MUL_0_4_0,Vector,96,1.00,1.00,1,1,96,1362,3994
212,LDL_BWD_OFF_MUL_0_5_0,Vector,96,1.00,1.00,1,1,96,1338,3970
213,LDL_BWD_OFF_MUL_0_6_0,Vector,96,1.00,1.00,1,1,96,1310,3942
214,LDL_BWD_OFF_MUL_0_7_0,Vector,96,1.00,1.00,1,1,96,1278,3910
215,LDL_BWD_OFF_MUL_0_8_0,Vector,96,1.00,1.00,1,1,96,1242,3874
216,LDL_BWD_OFF_MUL_0_9_0,Vector,96,1.00,1.00,1,1,96,1202,3834
217,LDL_BWD_OFF_MUL_10_11_0,Vector,96,1.00,1.00,1,1,96,1070,3702
218,LDL_BWD_OFF_MUL_10_12_0,Vector,96,1.00,1.00,1,1,96,1018,3650
219,LDL_BWD_OFF_MUL_10_13_0,Vector,96,1.00,1.00,1,1,96,962,3594
220,LDL_BWD_OFF_MUL_10_14_0,Vector,96,1.00,1.00,1,1,96,902,3534
221,LDL_BWD_OFF_MUL_10_15_0,Vector,96,1.00,1.00,1,1,96,838,3470
222,LDL_BWD_OFF_MUL_11_12_0,Vector,96,1.00,1.00,1,1,96,1014,3646
223,LDL_BWD_OFF_MUL_11_13_0,Vector,96,1.00,1.00,1,1,96,958,3590
224,LDL_BWD_OFF_MUL_11_14_0,Vector,96,1.00,1.00,1,1,96,898,3530
225,LDL_BWD_OFF_MUL_11_15_0,Vector,96,1.00,1.00,1,1,96,834,3466
226,LDL_BWD_OFF_MUL_12_13_0,Vector,96,1.00,1.00,1,1,96,954,3586
227,LDL_BWD_OFF_MUL_12_14_0,Vector,96,1.00,1.00,1,1,96,894,3526
228,LDL_BWD_OFF_MUL_12_15_0,Vector,96,1.00,1.00,1,1,96,830,3462
229,LDL_BWD_OFF_MUL_13_14_0,Vector,96,1.00,1.00,1,1,96,890,3522
230,LDL_BWD_OFF_MUL_13_15_0,Vector,96,1.00,1.00,1,1,96,826,3458
231,LDL_BWD_OFF_MUL_14_15_0,Vector,96,1.00,1.00,1,1,96,822,3454
232,LDL_BWD_OFF_MUL_1_10_0,Vector,96,1.00,1.00,1,1,96,1154,3786
233,LDL_BWD_OFF_MUL_1_11_0,Vector,96,1.00,1.00,1,1,96,1106,3738
234,LDL_BWD_OFF_MUL_1_12_0,Vector,96,1.00,1.00,1,1,96,1054,3686
235,LDL_BWD_OFF_MUL_1_13_0,Vector,96,1.00,1.00,1,1,96,998,3630
236,LDL_BWD_OFF_MUL_1_14_0,Vector,96,1.00,1.00,1,1,96,938,3570
237,LDL_BWD_OFF_MUL_1_15_0,Vector,96,1.00,1.00,1,1,96,874,3506
238,LDL_BWD_OFF_MUL_1_2_0,Vector,96,1.00,1.00,1,1,96,1394,4026
239,LDL_BWD_OFF_MUL_1_3_0,Vector,96,1.00,1.00,1,1,96,1378,4010
240,LDL_BWD_OFF_MUL_1_4_0,Vector,96,1.00,1.00,1,1,96,1358,3990
241,LDL_BWD_OFF_MUL_1_5_0,Vector,96,1.00,1.00,1,1,96,1334,3966
242,LDL_BWD_OFF_MUL_1_6_0,Vector,96,1.00,1.00,1,1,96,1306,3938
243,LDL_BWD_OFF_MUL_1_7_0,Vector,96,1.00,1.00,1,1,96,1274,3906
244,LDL_BWD_OFF_MUL_1_8_0,Vector,96,1.00,1.00,1,1,96,1238,3870
245,LDL_BWD_OFF_MUL_1_9_0,Vector,96,1.00,1.00,1,1,96,1198,3830
246,LDL_BWD_OFF_MUL_2_10_0,Vector,96,1.00,1.00,1,1,96,1150,3782
247,LDL_BWD_OFF_MUL_2_11_0,Vector,96,1.00,1.00,1,1,96,1102,3734
248,LDL_BWD_OFF_MUL_2_12_0,Vector,96,1.00,1.00,1,1,96,1050,3682
249,LDL_BWD_OFF_MUL_2_13_0,Vector,96,1.00,1.00,1,1,96,994,3626
250,LDL_BWD_OFF_MUL_2_14_0,Vector,96,1.00,1.00,1,1,96,934,3566
251,LDL_BWD_OFF_MUL_2_15_0,Vector,96,1.00,1.00,1,1,96,870,3502
252,LDL_BWD_OFF_MUL_2_3_0,Vector,96,1.00,1.00,1,1,96,1374,4006
253,LDL_BWD_OFF_MUL_2_4_0,Vector,96,1.00,1.00,1,1,96,1354,3986
254,LDL_BWD_OFF_MUL_2_5_0,Vector,96,1.00,1.00,1,1,96,1330,3962
255,LDL_BWD_OFF_MUL_2_6_0,Vector,96,1.00,1.00,1,1,96,1302,3934
256,LDL_BWD_OFF_MUL_2_7_0,Vector,96,1.00,1.00,1,1,96,1270,3902
257,LDL_BWD_OFF_MUL_2_8_0,Vector,96,1.00,1.00,1,1,96,1234,3866
258,LDL_BWD_OFF_MUL_2_9_0,Vector,96,1.00,1.00,1,1,96,1194,3826
259,LDL_BWD_OFF_MUL_3_10_0,Vector,96,1.00,1.00,1,1,96,1146,3778
260,LDL_BWD_OFF_MUL_3_11_0,Vector,96,1.00,1.00,1,1,96,1098,3730
261,LDL_BWD_OFF_MUL_3_12_0,Vector,96,1.00,1.00,1,1,96,1046,3678
262,LDL_BWD_OFF_MUL_3_13_0,Vector,96,1.00,1.00,1,1,96,990,3622
263,LDL_BWD_OFF_MUL_3_14_0,Vector,96,1.00,1.00,1,1,96,930,3562
264,LDL_BWD_OFF_MUL_3_15_0,Vector,96,1.00,1.00,1,1,96,866,3498
265,LDL_BWD_OFF_MUL_3_4_0,Vector,96,1.00,1.00,1,1,96,1350,3982
266,LDL_BWD_OFF_MUL_3_5_0,Vector,96,1.00,1.00,1,1,96,1326,3958
267,LDL_BWD_OFF_MUL_3_6_0,Vector,96,1.00,1.00,1,1,96,1298,3930
268,LDL_BWD_OFF_MUL_3_7_0,Vector,96,1.00,1.00,1,1,96,1266,3898
269,LDL_BWD_OFF_MUL_3_8_0,Vector,96,1.00,1.00,1,1,96,1230,3862
270,LDL_BWD_OFF_MUL_3_9_0,Vector,96,1.00,1.00,1,1,96,1190,3822
271,LDL_BWD_OFF_MUL_4_10_0,Vector,96,1.00,1.00,1,1,96,1142,3774
272,LDL_BWD_OFF_MUL_4_11_0,Vector,96,1.00,1.00,1,1,96,1094,3726
273,LDL_BWD_OFF_MUL_4_12_0,Vector,96,1.00,1.00,1,1,96,1042,3674
274,LDL_BWD_OFF_MUL_4_13_0,Vector,96,1.00,1.00,1,1,96,986,3618
275,LDL_BWD_OFF_MUL_4_14_0,Vector,96,1.00,1.00,1,1,96,926,3558
276,LDL_BWD_OFF_MUL_4_15_0,Vector,96,1.00,1.00,1,1,96,862,3494
277,LDL_BWD_OFF_MUL_4_5_0,Vector,96,1.00,1.00,1,1,96,1322,3954
278,LDL_BWD_OFF_MUL_4_6_0,Vector,96,1.00,1.00,1,1,96,1294,3926
279,LDL_BWD_OFF_MUL_4_7_0,Vector,96,1.00,1.00,1,1,96,1262,3894
280,LDL_BWD_OFF_MUL_4_8_0,Vector,96,1.00,1.00,1,1,96,1226,3858
281,LDL_BWD_OFF_MUL_4_9_0,Vector,96,1.00,1.00,1,1,96,1186,3818
282,LDL_BWD_OFF_MUL_5_10_0,Vector,96,1.00,1.00,1,1,96,1138,3770
283,LDL_BWD_OFF_MUL_5_11_0,Vector,96,1.00,1.00,1,1,96,1090,3722
284,LDL_BWD_OFF_MUL_5_12_0,Vector,96,1.00,1.00,1,1,96,1038,3670
285,LDL_BWD_OFF_MUL_5_13_0,Vector,96,1.00,1.00,1,1,96,982,3614
286,LDL_BWD_OFF_MUL_5_14_0,Vector,96,1.00,1.00,1,1,96,922,3554
287,LDL_BWD_OFF_MUL_5_15_0,Vector,96,1.00,1.00,1,1,96,858,3490
288,LDL_BWD_OFF_MUL_5_6_0,Vector,96,1.00,1.00,1,1,96,1290,3922
289,LDL_BWD_OFF_MUL_5_7_0,Vector,96,1.00,1.00,1,1,96,1258,3890
290,LDL_BWD_OFF_MUL_5_8_0,Vector,96,1.00,1.00,1,1,96,1222,3854
291,LDL_BWD_OFF_MUL_5_9_0,Vector,96,1.00,1.00,1,1,96,1182,3814
292,LDL_BWD_OFF_MUL_6_10_0,Vector,96,1.00,1.00,1,1,96,1134,3766
293,LDL_BWD_OFF_MUL_6_11_0,Vector,96,1.00,1.00,1,1,96,1086,3718
294,LDL_BWD_OFF_MUL_6_12_0,Vector,96,1.00,1.00,1,1,96,1034,3666
295,LDL_BWD_OFF_MUL_6_13_0,Vector,96,1.00,1.00,1,1,96,978,3610
296,LDL_BWD_OFF_MUL_6_14_0,Vector,96,1.00,1.00,1,1,96,918,3550
297,LDL_BWD_OFF_MUL_6_15_0,Vector,96,1.00,1.00,1,1,96,854,3486
298,LDL_BWD_OFF_MUL_6_7_0,Vector,96,1.00,1.00,1,1,96,1254,3886
299,LDL_BWD_OFF_MUL_6_8_0,Vector,96,1.00,1.00,1,1,96,1218,3850
300,LDL_BWD_OFF_MUL_6_9_0,Vector,96,1.00,1.00,1,1,96,1178,3810
301,LDL_BWD_OFF_MUL_7_10_0,Vector,96,1.00,1.00,1,1,96,1130,3762
302,LDL_BWD_OFF_MUL_7_11_0,Vector,96,1.00,1.00,1,1,96,1082,3714
303,LDL_BWD_OFF_MUL_7_12_0,Vector,96,1.00,1.00,1,1,96,1030,3662
304,LDL_BWD_OFF_MUL_7_13_0,Vector,96,1.00,1.00,1,1,96,974,3606
305,LDL_BWD_OFF_MUL_7_14_0,Vector,96,1.00,1.00,1,1,96,914,3546
306,LDL_BWD_OFF_MUL_7_15_0,Vector,96,1.00,1.00,1,1,96,850,3482
307,LDL_BWD_OFF_MUL_7_8_0,Vector,96,1.00,1.00,1,1,96,1214,3846
308,LDL_BWD_OFF_MUL_7_9_0,Vector,96,1.00,1.00,1,1,96,1174,3806
309,LDL_BWD_OFF_MUL_8_10_0,Vector,96,1.00,1.00,1,1,96,1126,3758
310,LDL_BWD_OFF_MUL_8_11_0,Vector,96,1.00,1.00,1,1,96,1078,3710
311,LDL_BWD_OFF_MUL_8_12_0,Vector,96,1.00,1.00,1,1,96,1026,3658
312,LDL_BWD_OFF_MUL_8_13_0,Vector,96,1.00,1.00,1,1,96,970,3602
313,LDL_BWD_OFF_MUL_8_14_0,Vector,96,1.00,1.00,1,1,96,910,3542
314,LDL_BWD_OFF_MUL_8_15_0,Vector,96,1.00,1.00,1,1,96,846,3478
315,LDL_BWD_OFF_MUL_8_9_0,Vector,96,1.00,1.00,1,1,96,1170,3802
316,LDL_BWD_OFF_MUL_9_10_0,Vector,96,1.00,1.00,1,1,96,1122,3754
317,LDL_BWD_OFF_MUL_9_11_0,Vector,96,1.00,1.00,1,1,96,1074,3706
318,LDL_BWD_OFF_MUL_9_12_0,Vector,96,1.00,1.00,1,1,96,1022,3654
319,LDL_BWD_OFF_MUL_9_13_0,Vector,96,1.00,1.00,1,1,96,966,3598
320,LDL_BWD_OFF_MUL_9_14_0,Vector,96,1.00,1.00,1,1,96,906,3538
321,LDL_BWD_OFF_MUL_9_15_0,Vector,96,1.00,1.00,1,1,96,842,3474
322,LDL_D_DIAG_INV_0,Scalar,96,4.00,4.00,4,4,384,123,2243
323,LDL_D_DIAG_INV_1,Scalar,96,4.00,4.00,4,4,384,164,2311
324,LDL_D_DIAG_INV_10,Scalar,96,4.00,4.00,4,4,384,635,2743
325,LDL_D_DIAG_INV_11,Scalar,96,4.00,4.00,4,4,384,677,2771
326,LDL_D_DIAG_INV_12,Scalar,96,4.00,4.00,4,4,384,715,2795
327,LDL_D_DIAG_INV_13,Scalar,96,4.00,4.00,4,4,384,749,3418
328,LDL_D_DIAG_INV_14,Scalar,96,4.00,4.00,4,4,384,779,3433
329,LDL_D_DIAG_INV_15,Scalar,96,4.00,4.00,4,4,384,804,3446
330,LDL_D_DIAG_INV_2,Scalar,96,4.00,4.00,4,4,384,206,2375
331,LDL_D_DIAG_INV_3,Scalar,96,4.00,4.00,4,4,384,261,2435
332,LDL_D_DIAG_INV_4,Scalar,96,4.00,4.00,4,4,384,299,2491
333,LDL_D_DIAG_INV_5,Scalar,96,4.00,4.00,4,4,384,365,2543
334,LDL_D_DIAG_INV_6,Scalar,96,4.00,4.00,4,4,384,427,2591
335,LDL_D_DIAG_INV_7,Scalar,96,4.00,4.00,4,4,384,485,2635
336,LDL_D_DIAG_INV_8,Scalar,96,4.00,4.00,4,4,384,539,2675
337,LDL_D_DIAG_INV_9,Scalar,96,4.00,4.00,4,4,384,589,2711
338,LDL_D_INV_MUL_0,Vector,96,1.00,1.00,1,1,96,128,2272
339,LDL_D_INV_MUL_1,Vector,96,1.00,1.00,1,1,96,172,2338
340,LDL_D_INV_MUL_10,Vector,96,1.00,1.00,1,1,96,661,2752
341,LDL_D_INV_MUL_11,Vector,96,1.00,1.00,1,1,96,701,2778
342,LDL_D_INV_MUL_12,Vector,96,1.00,1.00,1,1,96,737,3403
343,LDL_D_INV_MUL_13,Vector,96,1.00,1.00,1,1,96,769,3420
344,LDL_D_INV_MUL_14,Vector,96,1.00,1.00,1,1,96,796,3435
345,LDL_D_INV_MUL_15,Vector,96,1.00,1.00,1,1,96,816,3448
346,LDL_D_INV_MUL_2,Vector,96,1.00,1.00,1,1,96,229,2400
347,LDL_D_INV_MUL_3,Vector,96,1.00,1.00,1,1,96,269,2458
348,LDL_D_INV_MUL_4,Vector,96,1.00,1.00,1,1,96,337,2512
349,LDL_D_INV_MUL_5,Vector,96,1.00,1.00,1,1,96,401,2562
350,LDL_D_INV_MUL_6,Vector,96,1.00,1.00,1,1,96,461,2608
351,LDL_D_INV_MUL_7,Vector,96,1.00,1.00,1,1,96,517,2650
352,LDL_D_INV_MUL_8,Vector,96,1.00,1.00,1,1,96,569,2688
353,LDL_D_INV_MUL_9,Vector,96,1.00,1.00,1,1,96,617,2722
354,LDL_D_UPDATE_0,Vector,96,1.00,1.00,1,1,96,121,2238
355,LDL_D_UPDATE_1,Vector,96,1.00,1.00,1,1,96,162,2306
356,LDL_D_UPDATE_10,Vector,96,1.00,1.00,1,1,96,633,2738
357,LDL_D_UPDATE_11,Vector,96,1.00,1.00,1,1,96,675,2766
358,LDL_D_UPDATE_12,Vector,96,1.00,1.00,1,1,96,713,2790
359,LDL_D_UPDATE_13,Vector,96,1.00,1.00,1,1,96,747,3413
360,LDL_D_UPDATE_14,Vector,96,1.00,1.00,1,1,96,777,3428
361,LDL_D_UPDATE_15,Vector,96,1.00,1.00,1,1,96,802,3441
362,LDL_D_UPDATE_2,Vector,96,1.00,1.00,1,1,96,204,2370
363,LDL_D_UPDATE_3,Vector,96,1.00,1.00,1,1,96,259,2430
364,LDL_D_UPDATE_4,Vector,96,1.00,1.00,1,1,96,297,2486
365,LDL_D_UPDATE_5,Vector,96,1.00,1.00,1,1,96,363,2538
366,LDL_D_UPDATE_6,Vector,96,1.00,1.00,1,1,96,425,2586
367,LDL_D_UPDATE_7,Vector,96,1.00,1.00,1,1,96,483,2630
368,LDL_D_UPDATE_8,Vector,96,1.00,1.00,1,1,96,537,2670
369,LDL_D_UPDATE_9,Vector,96,1.00,1.00,1,1,96,587,2706
370,LDL_GRAM,Cube,96,35.00,35.00,35,35,3360,77,2226
371,LDL_L_UPDATE_10_0_PACK1,Vector,96,1.00,1.00,1,1,96,148,2292
372,LDL_L_UPDATE_10_1_PACK1,Vector,96,1.00,1.00,1,1,96,190,2356
373,LDL_L_UPDATE_10_2_PACK1,Vector,96,1.00,1.00,1,1,96,245,2416
374,LDL_L_UPDATE_10_3_PACK1,Vector,96,1.00,1.00,1,1,96,283,2472
375,LDL_L_UPDATE_10_4_PACK1,Vector,96,1.00,1.00,1,1,96,349,2524
376,LDL_L_UPDATE_10_5_PACK1,Vector,96,1.00,1.00,1,1,96,411,2572
377,LDL_L_UPDATE_10_6_PACK1,Vector,96,1.00,1.00,1,1,96,469,2616
378,LDL_L_UPDATE_10_7_PACK1,Vector,96,1.00,1.00,1,1,96,523,2656
379,LDL_L_UPDATE_10_8_PACK1,Vector,96,1.00,1.00,1,1,96,573,2692
380,LDL_L_UPDATE_10_9_PACK1,Vector,96,1.00,1.00,1,1,96,619,2724
381,LDL_L_UPDATE_11_0_PACK1,Vector,96,1.00,1.00,1,1,96,150,2294
382,LDL_L_UPDATE_11_10_PACK1,Vector,96,1.00,1.00,1,1,96,663,2754
383,LDL_L_UPDATE_11_1_PACK1,Vector,96,1.00,1.00,1,1,96,192,2358
384,LDL_L_UPDATE_11_2_PACK1,Vector,96,1.00,1.00,1,1,96,247,2418
385,LDL_L_UPDATE_11_3_PACK1,Vector,96,1.00,1.00,1,1,96,285,2474
386,LDL_L_UPDATE_11_4_PACK1,Vector,96,1.00,1.00,1,1,96,351,2526
387,LDL_L_UPDATE_11_5_PACK1,Vector,96,1.00,1.00,1,1,96,413,2574
388,LDL_L_UPDATE_11_6_PACK1,Vector,96,1.00,1.00,1,1,96,471,2618
389,LDL_L_UPDATE_11_7_PACK1,Vector,96,1.00,1.00,1,1,96,525,2658
390,LDL_L_UPDATE_11_8_PACK1,Vector,96,1.00,1.00,1,1,96,575,2694
391,LDL_L_UPDATE_11_9_PACK1,Vector,96,1.00,1.00,1,1,96,621,2726
392,LDL_L_UPDATE_12_0_PACK1,Vector,96,1.00,1.00,1,1,96,152,2296
393,LDL_L_UPDATE_12_10_PACK1,Vector,96,1.00,1.00,1,1,96,665,2756
394,LDL_L_UPDATE_12_11_PACK1,Vector,96,1.00,1.00,1,1,96,703,2780
395,LDL_L_UPDATE_12_1_PACK1,Vector,96,1.00,1.00,1,1,96,194,2360
396,LDL_L_UPDATE_12_2_PACK1,Vector,96,1.00,1.00,1,1,96,249,2420
397,LDL_L_UPDATE_12_3_PACK1,Vector,96,1.00,1.00,1,1,96,287,2476
398,LDL_L_UPDATE_12_4_PACK1,Vector,96,1.00,1.00,1,1,96,353,2528
399,LDL_L_UPDATE_12_5_PACK1,Vector,96,1.00,1.00,1,1,96,415,2576
400,LDL_L_UPDATE_12_6_PACK1,Vector,96,1.00,1.00,1,1,96,473,2620
401,LDL_L_UPDATE_12_7_PACK1,Vector,96,1.00,1.00,1,1,96,527,2660
402,LDL_L_UPDATE_12_8_PACK1,Vector,96,1.00,1.00,1,1,96,577,2696
403,LDL_L_UPDATE_12_9_PACK1,Vector,96,1.00,1.00,1,1,96,623,2728
404,LDL_L_UPDATE_13_0_PACK1,Vector,96,1.00,1.00,1,1,96,154,2298
405,LDL_L_UPDATE_13_10_PACK1,Vector,96,1.00,1.00,1,1,96,667,2758
406,LDL_L_UPDATE_13_11_PACK1,Vector,96,1.00,1.00,1,1,96,705,2782
407,LDL_L_UPDATE_13_12_PACK1,Vector,96,1.00,1.00,1,1,96,739,3405
408,LDL_L_UPDATE_13_1_PACK1,Vector,96,1.00,1.00,1,1,96,196,2362
409,LDL_L_UPDATE_13_2_PACK1,Vector,96,1.00,1.00,1,1,96,251,2422
410,LDL_L_UPDATE_13_3_PACK1,Vector,96,1.00,1.00,1,1,96,289,2478
411,LDL_L_UPDATE_13_4_PACK1,Vector,96,1.00,1.00,1,1,96,355,2530
412,LDL_L_UPDATE_13_5_PACK1,Vector,96,1.00,1.00,1,1,96,417,2578
413,LDL_L_UPDATE_13_6_PACK1,Vector,96,1.00,1.00,1,1,96,475,2622
414,LDL_L_UPDATE_13_7_PACK1,Vector,96,1.00,1.00,1,1,96,529,2662
415,LDL_L_UPDATE_13_8_PACK1,Vector,96,1.00,1.00,1,1,96,579,2698
416,LDL_L_UPDATE_13_9_PACK1,Vector,96,1.00,1.00,1,1,96,625,2730
417,LDL_L_UPDATE_14_0_PACK1,Vector,96,1.00,1.00,1,1,96,156,2300
418,LDL_L_UPDATE_14_10_PACK1,Vector,96,1.00,1.00,1,1,96,669,2760
419,LDL_L_UPDATE_14_11_PACK1,Vector,96,1.00,1.00,1,1,96,707,2784
420,LDL_L_UPDATE_14_12_PACK1,Vector,96,1.00,1.00,1,1,96,741,3407
421,LDL_L_UPDATE_14_13_PACK1,Vector,96,1.00,1.00,1,1,96,771,3422
422,LDL_L_UPDATE_14_1_PACK1,Vector,96,1.00,1.00,1,1,96,198,2364
423,LDL_L_UPDATE_14_2_PACK1,Vector,96,1.00,1.00,1,1,96,253,2424
424,LDL_L_UPDATE_14_3_PACK1,Vector,96,1.00,1.00,1,1,96,291,2480
425,LDL_L_UPDATE_14_4_PACK1,Vector,96,1.00,1.00,1,1,96,357,2532
426,LDL_L_UPDATE_14_5_PACK1,Vector,96,1.00,1.00,1,1,96,419,2580
427,LDL_L_UPDATE_14_6_PACK1,Vector,96,1.00,1.00,1,1,96,477,2624
428,LDL_L_UPDATE_14_7_PACK1,Vector,96,1.00,1.00,1,1,96,531,2664
429,LDL_L_UPDATE_14_8_PACK1,Vector,96,1.00,1.00,1,1,96,581,2700
430,LDL_L_UPDATE_14_9_PACK1,Vector,96,1.00,1.00,1,1,96,627,2732
431,LDL_L_UPDATE_15_0_PACK1,Vector,96,1.00,1.00,1,1,96,158,2302
432,LDL_L_UPDATE_15_10_PACK1,Vector,96,1.00,1.00,1,1,96,671,2762
433,LDL_L_UPDATE_15_11_PACK1,Vector,96,1.00,1.00,1,1,96,709,2786
434,LDL_L_UPDATE_15_12_PACK1,Vector,96,1.00,1.00,1,1,96,743,3409
435,LDL_L_UPDATE_15_13_PACK1,Vector,96,1.00,1.00,1,1,96,773,3424
436,LDL_L_UPDATE_15_14_PACK1,Vector,96,1.00,1.00,1,1,96,798,3437
437,LDL_L_UPDATE_15_1_PACK1,Vector,96,1.00,1.00,1,1,96,200,2366
438,LDL_L_UPDATE_15_2_PACK1,Vector,96,1.00,1.00,1,1,96,255,2426
439,LDL_L_UPDATE_15_3_PACK1,Vector,96,1.00,1.00,1,1,96,293,2482
440,LDL_L_UPDATE_15_4_PACK1,Vector,96,1.00,1.00,1,1,96,359,2534
441,LDL_L_UPDATE_15_5_PACK1,Vector,96,1.00,1.00,1,1,96,421,2582
442,LDL_L_UPDATE_15_6_PACK1,Vector,96,1.00,1.00,1,1,96,479,2626
443,LDL_L_UPDATE_15_7_PACK1,Vector,96,1.00,1.00,1,1,96,533,2666
444,LDL_L_UPDATE_15_8_PACK1,Vector,96,1.00,1.00,1,1,96,583,2702
445,LDL_L_UPDATE_15_9_PACK1,Vector,96,1.00,1.00,1,1,96,629,2734
446,LDL_L_UPDATE_1_0_PACK1,Vector,96,1.00,1.00,1,1,96,130,2274
447,LDL_L_UPDATE_2_0_PACK1,Vector,96,1.00,1.00,1,1,96,132,2276
448,LDL_L_UPDATE_2_1_PACK1,Vector,96,1.00,1.00,1,1,96,174,2340
449,LDL_L_UPDATE_3_0_PACK1,Vector,96,1.00,1.00,1,1,96,134,2278
450,LDL_L_UPDATE_3_1_PACK1,Vector,96,1.00,1.00,1,1,96,176,2342
451,LDL_L_UPDATE_3_2_PACK1,Vector,96,1.00,1.00,1,1,96,231,2402
452,LDL_L_UPDATE_4_0_PACK1,Vector,96,1.00,1.00,1,1,96,136,2280
453,LDL_L_UPDATE_4_1_PACK1,Vector,96,1.00,1.00,1,1,96,178,2344
454,LDL_L_UPDATE_4_2_PACK1,Vector,96,1.00,1.00,1,1,96,233,2404
455,LDL_L_UPDATE_4_3_PACK1,Vector,96,1.00,1.00,1,1,96,271,2460
456,LDL_L_UPDATE_5_0_PACK1,Vector,96,1.00,1.00,1,1,96,138,2282
457,LDL_L_UPDATE_5_1_PACK1,Vector,96,1.00,1.00,1,1,96,180,2346
458,LDL_L_UPDATE_5_2_PACK1,Vector,96,1.00,1.00,1,1,96,235,2406
459,LDL_L_UPDATE_5_3_PACK1,Vector,96,1.00,1.00,1,1,96,273,2462
460,LDL_L_UPDATE_5_4_PACK1,Vector,96,1.00,1.00,1,1,96,339,2514
461,LDL_L_UPDATE_6_0_PACK1,Vector,96,1.00,1.00,1,1,96,140,2284
462,LDL_L_UPDATE_6_1_PACK1,Vector,96,1.00,1.00,1,1,96,182,2348
463,LDL_L_UPDATE_6_2_PACK1,Vector,96,1.00,1.00,1,1,96,237,2408
464,LDL_L_UPDATE_6_3_PACK1,Vector,96,1.00,1.00,1,1,96,275,2464
465,LDL_L_UPDATE_6_4_PACK1,Vector,96,1.00,1.00,1,1,96,341,2516
466,LDL_L_UPDATE_6_5_PACK1,Vector,96,1.00,1.00,1,1,96,403,2564
467,LDL_L_UPDATE_7_0_PACK1,Vector,96,1.00,1.00,1,1,96,142,2286
468,LDL_L_UPDATE_7_1_PACK1,Vector,96,1.00,1.00,1,1,96,184,2350
469,LDL_L_UPDATE_7_2_PACK1,Vector,96,1.00,1.00,1,1,96,239,2410
470,LDL_L_UPDATE_7_3_PACK1,Vector,96,1.00,1.00,1,1,96,277,2466
471,LDL_L_UPDATE_7_4_PACK1,Vector,96,1.00,1.00,1,1,96,343,2518
472,LDL_L_UPDATE_7_5_PACK1,Vector,96,1.00,1.00,1,1,96,405,2566
473,LDL_L_UPDATE_7_6_PACK1,Vector,96,1.00,1.00,1,1,96,463,2610
474,LDL_L_UPDATE_8_0_PACK1,Vector,96,1.00,1.00,1,1,96,144,2288
475,LDL_L_UPDATE_8_1_PACK1,Vector,96,1.00,1.00,1,1,96,186,2352
476,LDL_L_UPDATE_8_2_PACK1,Vector,96,1.00,1.00,1,1,96,241,2412
477,LDL_L_UPDATE_8_3_PACK1,Vector,96,1.00,1.00,1,1,96,279,2468
478,LDL_L_UPDATE_8_4_PACK1,Vector,96,1.00,1.00,1,1,96,345,2520
479,LDL_L_UPDATE_8_5_PACK1,Vector,96,1.00,1.00,1,1,96,407,2568
480,LDL_L_UPDATE_8_6_PACK1,Vector,96,1.00,1.00,1,1,96,465,2612
481,LDL_L_UPDATE_8_7_PACK1,Vector,96,1.00,1.00,1,1,96,519,2652
482,LDL_L_UPDATE_9_0_PACK1,Vector,96,1.00,1.00,1,1,96,146,2290
483,LDL_L_UPDATE_9_1_PACK1,Vector,96,1.00,1.00,1,1,96,188,2354
484,LDL_L_UPDATE_9_2_PACK1,Vector,96,1.00,1.00,1,1,96,243,2414
485,LDL_L_UPDATE_9_3_PACK1,Vector,96,1.00,1.00,1,1,96,281,2470
486,LDL_L_UPDATE_9_4_PACK1,Vector,96,1.00,1.00,1,1,96,347,2522
487,LDL_L_UPDATE_9_5_PACK1,Vector,96,1.00,1.00,1,1,96,409,2570
488,LDL_L_UPDATE_9_6_PACK1,Vector,96,1.00,1.00,1,1,96,467,2614
489,LDL_L_UPDATE_9_7_PACK1,Vector,96,1.00,1.00,1,1,96,521,2654
490,LDL_L_UPDATE_9_8_PACK1,Vector,96,1.00,1.00,1,1,96,571,2690
491,LDL_REG,Vector,96,1.00,1.00,1,1,96,117,2234
